,timestamp,time_granted,RTM_P_cleared,RTM_Q_cleared
0,2021-08-06 00:15:10,910.0,25.059301531951053,6870.828290195594
1,2021-08-06 00:30:10,1810.0,23.615324066950965,5019.594055884676
2,2021-08-06 00:45:10,2710.0,23.428719584048995,5002.020290642109
3,2021-08-06 01:00:10,3610.0,23.254774308856792,4972.329085395525
4,2021-08-06 01:15:10,4510.0,22.927930960445515,4741.127860626288
5,2021-08-06 01:30:10,5410.0,22.98932098022539,4879.51026592825
6,2021-08-06 01:45:10,6310.0,22.978950085682527,4933.606935029401
7,2021-08-06 02:00:10,7210.0,23.0029369789848,5003.753609967706
8,2021-08-06 02:15:10,8110.0,22.679712099113996,4555.564830778748
9,2021-08-06 02:30:10,9010.0,22.82561921395653,4604.900322102515
10,2021-08-06 02:45:10,9910.0,22.883984465690897,4587.1001382979075
11,2021-08-06 03:00:10,10810.0,22.90827050045839,4475.278508688575
12,2021-08-06 03:15:10,11710.0,23.00533507259638,4441.359479490365
13,2021-08-06 03:30:10,12610.0,23.10677139607648,4386.789447868585
14,2021-08-06 03:45:10,13510.0,23.329427369220326,4481.542790853283
15,2021-08-06 04:00:10,14410.0,23.41727017579932,4296.142869979872
16,2021-08-06 04:15:10,15310.0,23.647235457850492,4430.520983666588
17,2021-08-06 04:30:10,16210.0,23.788814844837702,4464.970931554091
18,2021-08-06 04:45:10,17110.0,23.836412471726227,4365.522419351098
19,2021-08-06 05:00:10,18010.0,23.944394540905385,4263.81621810035
20,2021-08-06 05:15:10,18910.0,24.38783822128984,4540.015901663961
21,2021-08-06 05:30:10,19810.0,24.538286824468887,4504.3145370740895
22,2021-08-06 05:45:10,20710.0,24.734195765474723,4499.661745586556
23,2021-08-06 06:00:10,21610.0,25.07741215837939,4637.637646227828
24,2021-08-06 06:15:10,22510.0,25.36160036007651,4571.8086616617775
25,2021-08-06 06:30:10,23410.0,25.65648498222141,4836.0189646567005
26,2021-08-06 06:45:10,24310.0,25.933765525346185,4547.427054460174
27,2021-08-06 07:00:10,25210.0,26.546934856737938,4393.011097754979
28,2021-08-06 07:15:10,26110.0,27.07429815094244,4465.108949410523
29,2021-08-06 07:30:10,27010.0,27.278923177816925,4406.414509815305
30,2021-08-06 07:45:10,27910.0,27.247359580770585,4021.4985908228923
31,2021-08-06 08:00:10,28810.0,27.508503098039096,3989.254507833081
32,2021-08-06 08:15:10,29710.0,28.140524159674488,4029.334562498821
33,2021-08-06 08:30:10,30610.0,28.0904804761892,3883.571107466476
34,2021-08-06 08:45:10,31510.0,27.732744868503328,3737.24922043759
35,2021-08-06 09:00:10,32410.0,27.81042503025127,3654.035079495284
36,2021-08-06 09:15:10,33310.0,28.797692895831723,3565.705085315602
37,2021-08-06 09:30:10,34210.0,29.590156305738464,3786.087232170716
38,2021-08-06 09:45:10,35110.0,29.536814974054764,3508.4271817943877
39,2021-08-06 10:00:10,36010.0,29.65273809552679,3380.4636376543995
40,2021-08-06 10:15:10,36910.0,29.712526590867554,3281.5275061812285
41,2021-08-06 10:30:10,37810.0,29.29218520114447,3210.2516965465893
42,2021-08-06 10:45:10,38710.0,28.900131234995964,3291.925979796728
43,2021-08-06 11:00:10,39610.0,26.728729056335883,3094.1374105885216
44,2021-08-06 11:15:10,40510.0,26.36900444206026,3119.4201604291484
45,2021-08-06 11:30:10,41410.0,25.33200042212775,2998.4293814101684
46,2021-08-06 11:45:10,42310.0,25.48040216722181,3398.9730081265234
47,2021-08-06 12:00:10,43210.0,24.936215408846593,3111.20314671983
48,2021-08-06 12:15:10,44110.0,25.11010557625429,3329.7509891662803
49,2021-08-06 12:30:10,45010.0,25.254083935133764,3492.884655239111
50,2021-08-06 12:45:10,45910.0,25.25870925167244,3519.097632168075
51,2021-08-06 13:00:10,46810.0,25.510989841059228,3759.890767360158
52,2021-08-06 13:15:10,47710.0,25.115600248474934,3382.5232019154514
53,2021-08-06 13:30:10,48610.0,25.431380112545103,3638.584276311361
54,2021-08-06 13:45:10,49510.0,25.582178798439678,3775.0752787895954
55,2021-08-06 14:00:10,50410.0,26.760842947746433,4121.761050347607
56,2021-08-06 14:15:10,51310.0,27.10787611871865,4365.231707892969
57,2021-08-06 14:30:10,52210.0,27.11512520788793,4465.206080607486
58,2021-08-06 14:45:10,53110.0,29.033107999152932,5121.962631195515
59,2021-08-06 15:00:10,54010.0,26.99983506351226,4586.040685361631
60,2021-08-06 15:15:10,54910.0,29.1848522887217,5412.8235011896395
61,2021-08-06 15:30:10,55810.0,29.37883356855165,5565.385292058124
62,2021-08-06 15:45:10,56710.0,28.926733074679497,5142.62449351964
63,2021-08-06 16:00:10,57610.0,29.57853653806784,5507.188320733404
64,2021-08-06 16:15:10,58510.0,30.461497230907483,6138.211593362035
65,2021-08-06 16:30:10,59410.0,30.551876137670366,5976.483798257583
66,2021-08-06 16:45:10,60310.0,32.081305865110615,6366.986843392708
67,2021-08-06 17:00:10,61210.0,34.50114573601742,6603.031062264698
68,2021-08-06 17:15:10,62110.0,34.587116746788226,6932.575872259364
69,2021-08-06 17:30:10,63010.0,34.467459293524115,6918.9024606552
70,2021-08-06 17:45:10,63910.0,34.98708773655261,7384.674971893556
71,2021-08-06 18:00:10,64810.0,34.51870525917062,7284.455959401583
72,2021-08-06 18:15:10,65710.0,33.85730293151277,7268.596451819827
73,2021-08-06 18:30:10,66610.0,33.012437589586916,7104.536501615517
74,2021-08-06 18:45:10,67510.0,33.800263044237155,7455.512629704759
75,2021-08-06 19:00:10,68410.0,32.691920585652525,7141.943803475412
76,2021-08-06 19:15:10,69310.0,31.848694655254953,6881.691085005937
77,2021-08-06 19:30:10,70210.0,30.287890917893638,6565.030846852518
78,2021-08-06 19:45:10,71110.0,30.130039329229074,6881.17571504255
79,2021-08-06 20:00:10,72010.0,29.503190476596632,6534.204787257032
80,2021-08-06 20:15:10,72910.0,29.419078716063506,6623.6698206234005
81,2021-08-06 20:30:10,73810.0,27.16910256181603,6354.636146469382
82,2021-08-06 20:45:10,74710.0,27.17565398849337,6497.652683727735
83,2021-08-06 21:00:10,75610.0,26.647585575909943,6257.059991791271
84,2021-08-06 21:15:10,76510.0,26.348398423127325,6274.222622101491
85,2021-08-06 21:30:10,77410.0,26.604877573747206,6506.415134416903
86,2021-08-06 21:45:10,78310.0,26.821650871028996,6834.065668666061
87,2021-08-06 22:00:10,79210.0,26.775831070893094,6827.053079513473
88,2021-08-06 22:15:10,80110.0,25.49356927403387,6413.890365956246
89,2021-08-06 22:30:10,81010.0,25.102984144470778,6093.42473535401
90,2021-08-06 22:45:10,81910.0,24.7834729059402,5974.12805856583
91,2021-08-06 23:00:10,82810.0,24.351739419003128,5825.072800710652
92,2021-08-06 23:15:10,83710.0,24.065426942777954,5736.990141923682
93,2021-08-06 23:30:10,84610.0,24.726829236129344,6011.26052286743
94,2021-08-06 23:45:10,85510.0,22.944276415752974,5376.423350831171
